ner_prec_micro;ner_rec_micro;ner_f1_micro;ner_prec_macro;ner_rec_macro;ner_f1_macro;rel_prec_micro;rel_rec_micro;rel_f1_micro;rel_prec_macro;rel_rec_macro;rel_f1_macro;rel_nec_prec_micro;rel_nec_rec_micro;rel_nec_f1_micro;rel_nec_prec_macro;rel_nec_rec_macro;rel_nec_f1_macro;epoch;iteration;global_iteration
86.5210442194992;83.4961439588689;84.98168498168498;87.82320753807309;84.37230719021957;85.99487948656555;79.2544570502431;80.49382716049382;79.86933442221314;83.54743638995278;77.31060660024647;79.65758215150024;79.2544570502431;80.49382716049382;79.86933442221314;83.54743638995278;77.31060660024647;79.65758215150024;60;0;9000
